checkpoint,checkpoint_path,seed,success,capability_stage,termination,control_steps,replans,ever_grasped,max_apple_detached_count,final_apple_in_bucket_count,max_branch_break_count,ik_failed_steps,ik_failed_rate,action_clipped_steps,action_clipped_rate,videos,video_errors
pretrained,/home/rosmontis/Projects/dualsys/Xiaomi-Robotics-0/checkpoints/Xiaomi-Robotics-0-Calvin-ABCD_D,3010000,False,NO_GRASP,episode_budget,900,30,False,0,0,0,729,0.81,866,0.9622222222222222,"{""rgb_static"": ""/home/rosmontis/Projects/dualsys/Xiaomi-Robotics-0/xr0/outputs/orchard_v1_benchmark/pretrained/videos/pretrained_seed_3010000_FAILURE_NO_GRASP_static.mp4"", ""rgb_wrist"": ""/home/rosmontis/Projects/dualsys/Xiaomi-Robotics-0/xr0/outputs/orchard_v1_benchmark/pretrained/videos/pretrained_seed_3010000_FAILURE_NO_GRASP_wrist.mp4""}",[]
pretrained,/home/rosmontis/Projects/dualsys/Xiaomi-Robotics-0/checkpoints/Xiaomi-Robotics-0-Calvin-ABCD_D,3010001,False,NO_GRASP,episode_budget,900,30,False,0,0,0,458,0.5088888888888888,884,0.9822222222222222,"{""rgb_static"": ""/home/rosmontis/Projects/dualsys/Xiaomi-Robotics-0/xr0/outputs/orchard_v1_benchmark/pretrained/videos/pretrained_seed_3010001_FAILURE_NO_GRASP_static.mp4"", ""rgb_wrist"": ""/home/rosmontis/Projects/dualsys/Xiaomi-Robotics-0/xr0/outputs/orchard_v1_benchmark/pretrained/videos/pretrained_seed_3010001_FAILURE_NO_GRASP_wrist.mp4""}",[]
pretrained,/home/rosmontis/Projects/dualsys/Xiaomi-Robotics-0/checkpoints/Xiaomi-Robotics-0-Calvin-ABCD_D,3010002,False,NO_GRASP,episode_budget,900,30,False,0,0,0,604,0.6711111111111111,885,0.9833333333333333,"{""rgb_static"": ""/home/rosmontis/Projects/dualsys/Xiaomi-Robotics-0/xr0/outputs/orchard_v1_benchmark/pretrained/videos/pretrained_seed_3010002_FAILURE_NO_GRASP_static.mp4"", ""rgb_wrist"": ""/home/rosmontis/Projects/dualsys/Xiaomi-Robotics-0/xr0/outputs/orchard_v1_benchmark/pretrained/videos/pretrained_seed_3010002_FAILURE_NO_GRASP_wrist.mp4""}",[]
pretrained,/home/rosmontis/Projects/dualsys/Xiaomi-Robotics-0/checkpoints/Xiaomi-Robotics-0-Calvin-ABCD_D,3010003,False,NO_GRASP,episode_budget,900,30,False,0,0,0,644,0.7155555555555555,893,0.9922222222222222,"{""rgb_static"": ""/home/rosmontis/Projects/dualsys/Xiaomi-Robotics-0/xr0/outputs/orchard_v1_benchmark/pretrained/videos/pretrained_seed_3010003_FAILURE_NO_GRASP_static.mp4"", ""rgb_wrist"": ""/home/rosmontis/Projects/dualsys/Xiaomi-Robotics-0/xr0/outputs/orchard_v1_benchmark/pretrained/videos/pretrained_seed_3010003_FAILURE_NO_GRASP_wrist.mp4""}",[]
pretrained,/home/rosmontis/Projects/dualsys/Xiaomi-Robotics-0/checkpoints/Xiaomi-Robotics-0-Calvin-ABCD_D,3010004,False,NO_GRASP,episode_budget,900,30,False,0,0,0,254,0.2822222222222222,886,0.9844444444444445,"{""rgb_static"": ""/home/rosmontis/Projects/dualsys/Xiaomi-Robotics-0/xr0/outputs/orchard_v1_benchmark/pretrained/videos/pretrained_seed_3010004_FAILURE_NO_GRASP_static.mp4"", ""rgb_wrist"": ""/home/rosmontis/Projects/dualsys/Xiaomi-Robotics-0/xr0/outputs/orchard_v1_benchmark/pretrained/videos/pretrained_seed_3010004_FAILURE_NO_GRASP_wrist.mp4""}",[]
pretrained,/home/rosmontis/Projects/dualsys/Xiaomi-Robotics-0/checkpoints/Xiaomi-Robotics-0-Calvin-ABCD_D,3010005,False,NO_GRASP,episode_budget,900,30,False,0,0,0,644,0.7155555555555555,892,0.9911111111111112,{},[]
pretrained,/home/rosmontis/Projects/dualsys/Xiaomi-Robotics-0/checkpoints/Xiaomi-Robotics-0-Calvin-ABCD_D,3010006,False,NO_GRASP,episode_budget,900,30,False,0,0,0,343,0.3811111111111111,870,0.9666666666666667,{},[]
pretrained,/home/rosmontis/Projects/dualsys/Xiaomi-Robotics-0/checkpoints/Xiaomi-Robotics-0-Calvin-ABCD_D,3010007,False,NO_GRASP,episode_budget,900,30,False,0,0,0,650,0.7222222222222222,895,0.9944444444444445,{},[]
pretrained,/home/rosmontis/Projects/dualsys/Xiaomi-Robotics-0/checkpoints/Xiaomi-Robotics-0-Calvin-ABCD_D,3010008,False,NO_GRASP,episode_budget,900,30,False,0,0,0,647,0.7188888888888889,894,0.9933333333333333,{},[]
pretrained,/home/rosmontis/Projects/dualsys/Xiaomi-Robotics-0/checkpoints/Xiaomi-Robotics-0-Calvin-ABCD_D,3010009,False,NO_GRASP,episode_budget,900,30,False,0,0,0,624,0.6933333333333334,885,0.9833333333333333,{},[]
pretrained,/home/rosmontis/Projects/dualsys/Xiaomi-Robotics-0/checkpoints/Xiaomi-Robotics-0-Calvin-ABCD_D,3010010,False,NO_GRASP,episode_budget,900,30,False,0,0,0,695,0.7722222222222223,869,0.9655555555555555,{},[]
pretrained,/home/rosmontis/Projects/dualsys/Xiaomi-Robotics-0/checkpoints/Xiaomi-Robotics-0-Calvin-ABCD_D,3010011,False,NO_GRASP,episode_budget,900,30,False,0,0,0,609,0.6766666666666666,888,0.9866666666666667,{},[]
pretrained,/home/rosmontis/Projects/dualsys/Xiaomi-Robotics-0/checkpoints/Xiaomi-Robotics-0-Calvin-ABCD_D,3010012,False,NO_GRASP,episode_budget,900,30,False,0,0,0,752,0.8355555555555556,873,0.97,{},[]
pretrained,/home/rosmontis/Projects/dualsys/Xiaomi-Robotics-0/checkpoints/Xiaomi-Robotics-0-Calvin-ABCD_D,3010013,False,NO_GRASP,episode_budget,900,30,False,0,0,0,623,0.6922222222222222,895,0.9944444444444445,{},[]
pretrained,/home/rosmontis/Projects/dualsys/Xiaomi-Robotics-0/checkpoints/Xiaomi-Robotics-0-Calvin-ABCD_D,3010014,False,NO_GRASP,episode_budget,900,30,False,0,0,0,642,0.7133333333333334,888,0.9866666666666667,{},[]
pretrained,/home/rosmontis/Projects/dualsys/Xiaomi-Robotics-0/checkpoints/Xiaomi-Robotics-0-Calvin-ABCD_D,3010015,False,NO_GRASP,episode_budget,900,30,False,0,0,0,713,0.7922222222222223,897,0.9966666666666667,{},[]
pretrained,/home/rosmontis/Projects/dualsys/Xiaomi-Robotics-0/checkpoints/Xiaomi-Robotics-0-Calvin-ABCD_D,3010016,False,NO_GRASP,episode_budget,900,30,False,0,0,0,651,0.7233333333333334,891,0.99,{},[]
pretrained,/home/rosmontis/Projects/dualsys/Xiaomi-Robotics-0/checkpoints/Xiaomi-Robotics-0-Calvin-ABCD_D,3010017,False,NO_GRASP,episode_budget,900,30,False,0,0,0,253,0.2811111111111111,896,0.9955555555555555,{},[]
pretrained,/home/rosmontis/Projects/dualsys/Xiaomi-Robotics-0/checkpoints/Xiaomi-Robotics-0-Calvin-ABCD_D,3010018,False,NO_GRASP,episode_budget,900,30,False,0,0,0,615,0.6833333333333333,889,0.9877777777777778,{},[]
pretrained,/home/rosmontis/Projects/dualsys/Xiaomi-Robotics-0/checkpoints/Xiaomi-Robotics-0-Calvin-ABCD_D,3010019,False,NO_GRASP,episode_budget,900,30,False,0,0,0,705,0.7833333333333333,896,0.9955555555555555,{},[]
pretrained,/home/rosmontis/Projects/dualsys/Xiaomi-Robotics-0/checkpoints/Xiaomi-Robotics-0-Calvin-ABCD_D,3010020,False,NO_GRASP,episode_budget,900,30,False,0,0,0,169,0.18777777777777777,862,0.9577777777777777,{},[]
pretrained,/home/rosmontis/Projects/dualsys/Xiaomi-Robotics-0/checkpoints/Xiaomi-Robotics-0-Calvin-ABCD_D,3010021,False,NO_GRASP,episode_budget,900,30,False,0,0,0,400,0.4444444444444444,894,0.9933333333333333,{},[]
pretrained,/home/rosmontis/Projects/dualsys/Xiaomi-Robotics-0/checkpoints/Xiaomi-Robotics-0-Calvin-ABCD_D,3010022,False,NO_GRASP,episode_budget,900,30,False,0,0,0,717,0.7966666666666666,891,0.99,{},[]
pretrained,/home/rosmontis/Projects/dualsys/Xiaomi-Robotics-0/checkpoints/Xiaomi-Robotics-0-Calvin-ABCD_D,3010023,False,NO_GRASP,episode_budget,900,30,False,0,0,0,655,0.7277777777777777,867,0.9633333333333334,{},[]
pretrained,/home/rosmontis/Projects/dualsys/Xiaomi-Robotics-0/checkpoints/Xiaomi-Robotics-0-Calvin-ABCD_D,3010024,False,NO_GRASP,episode_budget,900,30,False,0,0,0,604,0.6711111111111111,892,0.9911111111111112,{},[]
pretrained,/home/rosmontis/Projects/dualsys/Xiaomi-Robotics-0/checkpoints/Xiaomi-Robotics-0-Calvin-ABCD_D,3010025,False,NO_GRASP,episode_budget,900,30,False,0,0,0,648,0.72,873,0.97,{},[]
pretrained,/home/rosmontis/Projects/dualsys/Xiaomi-Robotics-0/checkpoints/Xiaomi-Robotics-0-Calvin-ABCD_D,3010026,False,NO_GRASP,episode_budget,900,30,False,0,0,0,160,0.17777777777777778,879,0.9766666666666667,{},[]
pretrained,/home/rosmontis/Projects/dualsys/Xiaomi-Robotics-0/checkpoints/Xiaomi-Robotics-0-Calvin-ABCD_D,3010027,False,NO_GRASP,episode_budget,900,30,False,0,0,0,391,0.43444444444444447,885,0.9833333333333333,{},[]
pretrained,/home/rosmontis/Projects/dualsys/Xiaomi-Robotics-0/checkpoints/Xiaomi-Robotics-0-Calvin-ABCD_D,3010028,False,NO_GRASP,episode_budget,900,30,False,0,0,0,591,0.6566666666666666,884,0.9822222222222222,{},[]
pretrained,/home/rosmontis/Projects/dualsys/Xiaomi-Robotics-0/checkpoints/Xiaomi-Robotics-0-Calvin-ABCD_D,3010029,False,NO_GRASP,episode_budget,900,30,False,0,0,0,680,0.7555555555555555,869,0.9655555555555555,{},[]
step_1000,/home/rosmontis/Projects/dualsys/Xiaomi-Robotics-0/xr0/outputs/orchard_v1_2650/project_orchardbench/orchard_v1_2650_frozen_vlm_seed42/epoch=0-step=1000.ckpt,3010000,False,NO_GRASP,episode_budget,900,30,False,0,0,0,273,0.30333333333333334,581,0.6455555555555555,"{""rgb_static"": ""/home/rosmontis/Projects/dualsys/Xiaomi-Robotics-0/xr0/outputs/orchard_v1_benchmark/step_1000/videos/step_1000_seed_3010000_FAILURE_NO_GRASP_static.mp4"", ""rgb_wrist"": ""/home/rosmontis/Projects/dualsys/Xiaomi-Robotics-0/xr0/outputs/orchard_v1_benchmark/step_1000/videos/step_1000_seed_3010000_FAILURE_NO_GRASP_wrist.mp4""}",[]
step_1000,/home/rosmontis/Projects/dualsys/Xiaomi-Robotics-0/xr0/outputs/orchard_v1_2650/project_orchardbench/orchard_v1_2650_frozen_vlm_seed42/epoch=0-step=1000.ckpt,3010001,False,NO_GRASP,episode_budget,900,30,False,0,0,0,260,0.28888888888888886,717,0.7966666666666666,"{""rgb_static"": ""/home/rosmontis/Projects/dualsys/Xiaomi-Robotics-0/xr0/outputs/orchard_v1_benchmark/step_1000/videos/step_1000_seed_3010001_FAILURE_NO_GRASP_static.mp4"", ""rgb_wrist"": ""/home/rosmontis/Projects/dualsys/Xiaomi-Robotics-0/xr0/outputs/orchard_v1_benchmark/step_1000/videos/step_1000_seed_3010001_FAILURE_NO_GRASP_wrist.mp4""}",[]
step_1000,/home/rosmontis/Projects/dualsys/Xiaomi-Robotics-0/xr0/outputs/orchard_v1_2650/project_orchardbench/orchard_v1_2650_frozen_vlm_seed42/epoch=0-step=1000.ckpt,3010002,False,NO_GRASP,episode_budget,900,30,False,0,0,0,0,0.0,607,0.6744444444444444,"{""rgb_static"": ""/home/rosmontis/Projects/dualsys/Xiaomi-Robotics-0/xr0/outputs/orchard_v1_benchmark/step_1000/videos/step_1000_seed_3010002_FAILURE_NO_GRASP_static.mp4"", ""rgb_wrist"": ""/home/rosmontis/Projects/dualsys/Xiaomi-Robotics-0/xr0/outputs/orchard_v1_benchmark/step_1000/videos/step_1000_seed_3010002_FAILURE_NO_GRASP_wrist.mp4""}",[]
step_1000,/home/rosmontis/Projects/dualsys/Xiaomi-Robotics-0/xr0/outputs/orchard_v1_2650/project_orchardbench/orchard_v1_2650_frozen_vlm_seed42/epoch=0-step=1000.ckpt,3010003,False,NO_GRASP,episode_budget,900,30,False,0,0,0,177,0.19666666666666666,646,0.7177777777777777,"{""rgb_static"": ""/home/rosmontis/Projects/dualsys/Xiaomi-Robotics-0/xr0/outputs/orchard_v1_benchmark/step_1000/videos/step_1000_seed_3010003_FAILURE_NO_GRASP_static.mp4"", ""rgb_wrist"": ""/home/rosmontis/Projects/dualsys/Xiaomi-Robotics-0/xr0/outputs/orchard_v1_benchmark/step_1000/videos/step_1000_seed_3010003_FAILURE_NO_GRASP_wrist.mp4""}",[]
step_1000,/home/rosmontis/Projects/dualsys/Xiaomi-Robotics-0/xr0/outputs/orchard_v1_2650/project_orchardbench/orchard_v1_2650_frozen_vlm_seed42/epoch=0-step=1000.ckpt,3010004,False,NO_GRASP,episode_budget,900,30,False,0,0,0,127,0.1411111111111111,666,0.74,"{""rgb_static"": ""/home/rosmontis/Projects/dualsys/Xiaomi-Robotics-0/xr0/outputs/orchard_v1_benchmark/step_1000/videos/step_1000_seed_3010004_FAILURE_NO_GRASP_static.mp4"", ""rgb_wrist"": ""/home/rosmontis/Projects/dualsys/Xiaomi-Robotics-0/xr0/outputs/orchard_v1_benchmark/step_1000/videos/step_1000_seed_3010004_FAILURE_NO_GRASP_wrist.mp4""}",[]
step_1000,/home/rosmontis/Projects/dualsys/Xiaomi-Robotics-0/xr0/outputs/orchard_v1_2650/project_orchardbench/orchard_v1_2650_frozen_vlm_seed42/epoch=0-step=1000.ckpt,3010005,False,NO_GRASP,episode_budget,900,30,False,0,0,0,6,0.006666666666666667,654,0.7266666666666667,{},[]
step_1000,/home/rosmontis/Projects/dualsys/Xiaomi-Robotics-0/xr0/outputs/orchard_v1_2650/project_orchardbench/orchard_v1_2650_frozen_vlm_seed42/epoch=0-step=1000.ckpt,3010006,False,NO_GRASP,episode_budget,900,30,False,0,0,0,0,0.0,606,0.6733333333333333,{},[]
step_1000,/home/rosmontis/Projects/dualsys/Xiaomi-Robotics-0/xr0/outputs/orchard_v1_2650/project_orchardbench/orchard_v1_2650_frozen_vlm_seed42/epoch=0-step=1000.ckpt,3010007,False,NO_GRASP,episode_budget,900,30,False,0,0,0,218,0.24222222222222223,754,0.8377777777777777,{},[]
step_1000,/home/rosmontis/Projects/dualsys/Xiaomi-Robotics-0/xr0/outputs/orchard_v1_2650/project_orchardbench/orchard_v1_2650_frozen_vlm_seed42/epoch=0-step=1000.ckpt,3010008,False,NO_GRASP,episode_budget,900,30,False,0,0,0,247,0.27444444444444444,693,0.77,{},[]
step_1000,/home/rosmontis/Projects/dualsys/Xiaomi-Robotics-0/xr0/outputs/orchard_v1_2650/project_orchardbench/orchard_v1_2650_frozen_vlm_seed42/epoch=0-step=1000.ckpt,3010009,False,NO_GRASP,episode_budget,900,30,False,0,0,0,458,0.5088888888888888,732,0.8133333333333334,{},[]
step_1000,/home/rosmontis/Projects/dualsys/Xiaomi-Robotics-0/xr0/outputs/orchard_v1_2650/project_orchardbench/orchard_v1_2650_frozen_vlm_seed42/epoch=0-step=1000.ckpt,3010010,False,NO_GRASP,episode_budget,900,30,False,0,0,0,350,0.3888888888888889,660,0.7333333333333333,{},[]
step_1000,/home/rosmontis/Projects/dualsys/Xiaomi-Robotics-0/xr0/outputs/orchard_v1_2650/project_orchardbench/orchard_v1_2650_frozen_vlm_seed42/epoch=0-step=1000.ckpt,3010011,False,NO_GRASP,episode_budget,900,30,False,0,0,0,449,0.4988888888888889,674,0.7488888888888889,{},[]
step_1000,/home/rosmontis/Projects/dualsys/Xiaomi-Robotics-0/xr0/outputs/orchard_v1_2650/project_orchardbench/orchard_v1_2650_frozen_vlm_seed42/epoch=0-step=1000.ckpt,3010012,False,NO_GRASP,episode_budget,900,30,False,0,0,0,92,0.10222222222222223,631,0.7011111111111111,{},[]
step_1000,/home/rosmontis/Projects/dualsys/Xiaomi-Robotics-0/xr0/outputs/orchard_v1_2650/project_orchardbench/orchard_v1_2650_frozen_vlm_seed42/epoch=0-step=1000.ckpt,3010013,False,NO_GRASP,episode_budget,900,30,False,0,0,0,226,0.2511111111111111,613,0.6811111111111111,{},[]
step_1000,/home/rosmontis/Projects/dualsys/Xiaomi-Robotics-0/xr0/outputs/orchard_v1_2650/project_orchardbench/orchard_v1_2650_frozen_vlm_seed42/epoch=0-step=1000.ckpt,3010014,False,NO_GRASP,episode_budget,900,30,False,0,0,0,256,0.28444444444444444,677,0.7522222222222222,{},[]
step_1000,/home/rosmontis/Projects/dualsys/Xiaomi-Robotics-0/xr0/outputs/orchard_v1_2650/project_orchardbench/orchard_v1_2650_frozen_vlm_seed42/epoch=0-step=1000.ckpt,3010015,False,NO_GRASP,episode_budget,900,30,False,0,0,0,186,0.20666666666666667,662,0.7355555555555555,{},[]
step_1000,/home/rosmontis/Projects/dualsys/Xiaomi-Robotics-0/xr0/outputs/orchard_v1_2650/project_orchardbench/orchard_v1_2650_frozen_vlm_seed42/epoch=0-step=1000.ckpt,3010016,False,NO_GRASP,episode_budget,900,30,False,0,0,0,241,0.2677777777777778,641,0.7122222222222222,{},[]
step_1000,/home/rosmontis/Projects/dualsys/Xiaomi-Robotics-0/xr0/outputs/orchard_v1_2650/project_orchardbench/orchard_v1_2650_frozen_vlm_seed42/epoch=0-step=1000.ckpt,3010017,False,NO_GRASP,episode_budget,900,30,False,0,0,0,67,0.07444444444444444,576,0.64,{},[]
step_1000,/home/rosmontis/Projects/dualsys/Xiaomi-Robotics-0/xr0/outputs/orchard_v1_2650/project_orchardbench/orchard_v1_2650_frozen_vlm_seed42/epoch=0-step=1000.ckpt,3010018,False,NO_GRASP,episode_budget,900,30,False,0,0,0,323,0.35888888888888887,598,0.6644444444444444,{},[]
step_1000,/home/rosmontis/Projects/dualsys/Xiaomi-Robotics-0/xr0/outputs/orchard_v1_2650/project_orchardbench/orchard_v1_2650_frozen_vlm_seed42/epoch=0-step=1000.ckpt,3010019,False,NO_GRASP,episode_budget,900,30,False,0,0,0,391,0.43444444444444447,670,0.7444444444444445,{},[]
step_1000,/home/rosmontis/Projects/dualsys/Xiaomi-Robotics-0/xr0/outputs/orchard_v1_2650/project_orchardbench/orchard_v1_2650_frozen_vlm_seed42/epoch=0-step=1000.ckpt,3010020,False,NO_GRASP,episode_budget,900,30,False,0,0,0,3,0.0033333333333333335,618,0.6866666666666666,{},[]
step_1000,/home/rosmontis/Projects/dualsys/Xiaomi-Robotics-0/xr0/outputs/orchard_v1_2650/project_orchardbench/orchard_v1_2650_frozen_vlm_seed42/epoch=0-step=1000.ckpt,3010021,False,NO_GRASP,episode_budget,900,30,False,0,0,0,193,0.21444444444444444,648,0.72,{},[]
step_1000,/home/rosmontis/Projects/dualsys/Xiaomi-Robotics-0/xr0/outputs/orchard_v1_2650/project_orchardbench/orchard_v1_2650_frozen_vlm_seed42/epoch=0-step=1000.ckpt,3010022,False,NO_GRASP,episode_budget,900,30,False,0,0,0,474,0.5266666666666666,700,0.7777777777777778,{},[]
step_1000,/home/rosmontis/Projects/dualsys/Xiaomi-Robotics-0/xr0/outputs/orchard_v1_2650/project_orchardbench/orchard_v1_2650_frozen_vlm_seed42/epoch=0-step=1000.ckpt,3010023,False,NO_GRASP,episode_budget,900,30,False,0,0,0,220,0.24444444444444444,666,0.74,{},[]
step_1000,/home/rosmontis/Projects/dualsys/Xiaomi-Robotics-0/xr0/outputs/orchard_v1_2650/project_orchardbench/orchard_v1_2650_frozen_vlm_seed42/epoch=0-step=1000.ckpt,3010024,False,NO_GRASP,episode_budget,900,30,False,0,0,0,297,0.33,639,0.71,{},[]
step_1000,/home/rosmontis/Projects/dualsys/Xiaomi-Robotics-0/xr0/outputs/orchard_v1_2650/project_orchardbench/orchard_v1_2650_frozen_vlm_seed42/epoch=0-step=1000.ckpt,3010025,False,NO_GRASP,episode_budget,900,30,False,0,0,0,430,0.4777777777777778,682,0.7577777777777778,{},[]
step_1000,/home/rosmontis/Projects/dualsys/Xiaomi-Robotics-0/xr0/outputs/orchard_v1_2650/project_orchardbench/orchard_v1_2650_frozen_vlm_seed42/epoch=0-step=1000.ckpt,3010026,False,NO_GRASP,episode_budget,900,30,False,0,0,0,341,0.3788888888888889,619,0.6877777777777778,{},[]
step_1000,/home/rosmontis/Projects/dualsys/Xiaomi-Robotics-0/xr0/outputs/orchard_v1_2650/project_orchardbench/orchard_v1_2650_frozen_vlm_seed42/epoch=0-step=1000.ckpt,3010027,False,NO_GRASP,episode_budget,900,30,False,0,0,0,181,0.2011111111111111,704,0.7822222222222223,{},[]
step_1000,/home/rosmontis/Projects/dualsys/Xiaomi-Robotics-0/xr0/outputs/orchard_v1_2650/project_orchardbench/orchard_v1_2650_frozen_vlm_seed42/epoch=0-step=1000.ckpt,3010028,False,NO_GRASP,episode_budget,900,30,False,0,0,0,446,0.4955555555555556,686,0.7622222222222222,{},[]
step_1000,/home/rosmontis/Projects/dualsys/Xiaomi-Robotics-0/xr0/outputs/orchard_v1_2650/project_orchardbench/orchard_v1_2650_frozen_vlm_seed42/epoch=0-step=1000.ckpt,3010029,False,NO_GRASP,episode_budget,900,30,False,0,0,0,175,0.19444444444444445,586,0.6511111111111111,{},[]
step_3000,/home/rosmontis/Projects/dualsys/Xiaomi-Robotics-0/xr0/outputs/orchard_v1_2650/project_orchardbench/orchard_v1_2650_frozen_vlm_seed42/epoch=0-step=3000.ckpt,3010000,False,NO_GRASP,episode_budget,900,30,False,0,0,0,69,0.07666666666666666,603,0.67,"{""rgb_static"": ""/home/rosmontis/Projects/dualsys/Xiaomi-Robotics-0/xr0/outputs/orchard_v1_benchmark/step_3000/videos/step_3000_seed_3010000_FAILURE_NO_GRASP_static.mp4"", ""rgb_wrist"": ""/home/rosmontis/Projects/dualsys/Xiaomi-Robotics-0/xr0/outputs/orchard_v1_benchmark/step_3000/videos/step_3000_seed_3010000_FAILURE_NO_GRASP_wrist.mp4""}",[]
step_3000,/home/rosmontis/Projects/dualsys/Xiaomi-Robotics-0/xr0/outputs/orchard_v1_2650/project_orchardbench/orchard_v1_2650_frozen_vlm_seed42/epoch=0-step=3000.ckpt,3010001,False,NO_GRASP,episode_budget,900,30,False,0,0,0,225,0.25,621,0.69,"{""rgb_static"": ""/home/rosmontis/Projects/dualsys/Xiaomi-Robotics-0/xr0/outputs/orchard_v1_benchmark/step_3000/videos/step_3000_seed_3010001_FAILURE_NO_GRASP_static.mp4"", ""rgb_wrist"": ""/home/rosmontis/Projects/dualsys/Xiaomi-Robotics-0/xr0/outputs/orchard_v1_benchmark/step_3000/videos/step_3000_seed_3010001_FAILURE_NO_GRASP_wrist.mp4""}",[]
step_3000,/home/rosmontis/Projects/dualsys/Xiaomi-Robotics-0/xr0/outputs/orchard_v1_2650/project_orchardbench/orchard_v1_2650_frozen_vlm_seed42/epoch=0-step=3000.ckpt,3010002,False,NO_GRASP,episode_budget,900,30,False,0,0,0,285,0.31666666666666665,691,0.7677777777777778,"{""rgb_static"": ""/home/rosmontis/Projects/dualsys/Xiaomi-Robotics-0/xr0/outputs/orchard_v1_benchmark/step_3000/videos/step_3000_seed_3010002_FAILURE_NO_GRASP_static.mp4"", ""rgb_wrist"": ""/home/rosmontis/Projects/dualsys/Xiaomi-Robotics-0/xr0/outputs/orchard_v1_benchmark/step_3000/videos/step_3000_seed_3010002_FAILURE_NO_GRASP_wrist.mp4""}",[]
step_3000,/home/rosmontis/Projects/dualsys/Xiaomi-Robotics-0/xr0/outputs/orchard_v1_2650/project_orchardbench/orchard_v1_2650_frozen_vlm_seed42/epoch=0-step=3000.ckpt,3010003,False,NO_GRASP,episode_budget,900,30,False,0,0,0,268,0.29777777777777775,723,0.8033333333333333,"{""rgb_static"": ""/home/rosmontis/Projects/dualsys/Xiaomi-Robotics-0/xr0/outputs/orchard_v1_benchmark/step_3000/videos/step_3000_seed_3010003_FAILURE_NO_GRASP_static.mp4"", ""rgb_wrist"": ""/home/rosmontis/Projects/dualsys/Xiaomi-Robotics-0/xr0/outputs/orchard_v1_benchmark/step_3000/videos/step_3000_seed_3010003_FAILURE_NO_GRASP_wrist.mp4""}",[]
step_3000,/home/rosmontis/Projects/dualsys/Xiaomi-Robotics-0/xr0/outputs/orchard_v1_2650/project_orchardbench/orchard_v1_2650_frozen_vlm_seed42/epoch=0-step=3000.ckpt,3010004,False,NO_GRASP,episode_budget,900,30,False,0,0,0,48,0.05333333333333334,681,0.7566666666666667,"{""rgb_static"": ""/home/rosmontis/Projects/dualsys/Xiaomi-Robotics-0/xr0/outputs/orchard_v1_benchmark/step_3000/videos/step_3000_seed_3010004_FAILURE_NO_GRASP_static.mp4"", ""rgb_wrist"": ""/home/rosmontis/Projects/dualsys/Xiaomi-Robotics-0/xr0/outputs/orchard_v1_benchmark/step_3000/videos/step_3000_seed_3010004_FAILURE_NO_GRASP_wrist.mp4""}",[]
step_3000,/home/rosmontis/Projects/dualsys/Xiaomi-Robotics-0/xr0/outputs/orchard_v1_2650/project_orchardbench/orchard_v1_2650_frozen_vlm_seed42/epoch=0-step=3000.ckpt,3010005,False,NO_GRASP,episode_budget,900,30,False,0,0,0,480,0.5333333333333333,805,0.8944444444444445,{},[]
step_3000,/home/rosmontis/Projects/dualsys/Xiaomi-Robotics-0/xr0/outputs/orchard_v1_2650/project_orchardbench/orchard_v1_2650_frozen_vlm_seed42/epoch=0-step=3000.ckpt,3010006,False,NO_GRASP,episode_budget,900,30,False,0,0,0,152,0.1688888888888889,639,0.71,{},[]
step_3000,/home/rosmontis/Projects/dualsys/Xiaomi-Robotics-0/xr0/outputs/orchard_v1_2650/project_orchardbench/orchard_v1_2650_frozen_vlm_seed42/epoch=0-step=3000.ckpt,3010007,False,NO_GRASP,episode_budget,900,30,False,0,0,0,105,0.11666666666666667,647,0.7188888888888889,{},[]
step_3000,/home/rosmontis/Projects/dualsys/Xiaomi-Robotics-0/xr0/outputs/orchard_v1_2650/project_orchardbench/orchard_v1_2650_frozen_vlm_seed42/epoch=0-step=3000.ckpt,3010008,False,NO_GRASP,episode_budget,900,30,False,0,0,0,238,0.2644444444444444,631,0.7011111111111111,{},[]
step_3000,/home/rosmontis/Projects/dualsys/Xiaomi-Robotics-0/xr0/outputs/orchard_v1_2650/project_orchardbench/orchard_v1_2650_frozen_vlm_seed42/epoch=0-step=3000.ckpt,3010009,False,NO_GRASP,episode_budget,900,30,False,0,0,0,114,0.12666666666666668,633,0.7033333333333334,{},[]
step_3000,/home/rosmontis/Projects/dualsys/Xiaomi-Robotics-0/xr0/outputs/orchard_v1_2650/project_orchardbench/orchard_v1_2650_frozen_vlm_seed42/epoch=0-step=3000.ckpt,3010010,False,NO_GRASP,episode_budget,900,30,False,0,0,0,159,0.17666666666666667,505,0.5611111111111111,{},[]
step_3000,/home/rosmontis/Projects/dualsys/Xiaomi-Robotics-0/xr0/outputs/orchard_v1_2650/project_orchardbench/orchard_v1_2650_frozen_vlm_seed42/epoch=0-step=3000.ckpt,3010011,False,NO_GRASP,episode_budget,900,30,False,0,0,0,44,0.04888888888888889,607,0.6744444444444444,{},[]
step_3000,/home/rosmontis/Projects/dualsys/Xiaomi-Robotics-0/xr0/outputs/orchard_v1_2650/project_orchardbench/orchard_v1_2650_frozen_vlm_seed42/epoch=0-step=3000.ckpt,3010012,False,NO_GRASP,episode_budget,900,30,False,0,0,0,352,0.39111111111111113,822,0.9133333333333333,{},[]
step_3000,/home/rosmontis/Projects/dualsys/Xiaomi-Robotics-0/xr0/outputs/orchard_v1_2650/project_orchardbench/orchard_v1_2650_frozen_vlm_seed42/epoch=0-step=3000.ckpt,3010013,False,NO_GRASP,episode_budget,900,30,False,0,0,0,103,0.11444444444444445,522,0.58,{},[]
step_3000,/home/rosmontis/Projects/dualsys/Xiaomi-Robotics-0/xr0/outputs/orchard_v1_2650/project_orchardbench/orchard_v1_2650_frozen_vlm_seed42/epoch=0-step=3000.ckpt,3010014,False,NO_GRASP,episode_budget,900,30,False,0,0,0,102,0.11333333333333333,674,0.7488888888888889,{},[]
step_3000,/home/rosmontis/Projects/dualsys/Xiaomi-Robotics-0/xr0/outputs/orchard_v1_2650/project_orchardbench/orchard_v1_2650_frozen_vlm_seed42/epoch=0-step=3000.ckpt,3010015,False,NO_GRASP,episode_budget,900,30,False,0,0,0,227,0.25222222222222224,737,0.8188888888888889,{},[]
step_3000,/home/rosmontis/Projects/dualsys/Xiaomi-Robotics-0/xr0/outputs/orchard_v1_2650/project_orchardbench/orchard_v1_2650_frozen_vlm_seed42/epoch=0-step=3000.ckpt,3010016,False,NO_GRASP,episode_budget,900,30,False,0,0,0,17,0.01888888888888889,585,0.65,{},[]
step_3000,/home/rosmontis/Projects/dualsys/Xiaomi-Robotics-0/xr0/outputs/orchard_v1_2650/project_orchardbench/orchard_v1_2650_frozen_vlm_seed42/epoch=0-step=3000.ckpt,3010017,False,NO_GRASP,episode_budget,900,30,False,0,0,0,137,0.15222222222222223,538,0.5977777777777777,{},[]
step_3000,/home/rosmontis/Projects/dualsys/Xiaomi-Robotics-0/xr0/outputs/orchard_v1_2650/project_orchardbench/orchard_v1_2650_frozen_vlm_seed42/epoch=0-step=3000.ckpt,3010018,False,NO_GRASP,episode_budget,900,30,False,0,0,0,0,0.0,615,0.6833333333333333,{},[]
step_3000,/home/rosmontis/Projects/dualsys/Xiaomi-Robotics-0/xr0/outputs/orchard_v1_2650/project_orchardbench/orchard_v1_2650_frozen_vlm_seed42/epoch=0-step=3000.ckpt,3010019,False,NO_GRASP,episode_budget,900,30,False,0,0,0,0,0.0,614,0.6822222222222222,{},[]
step_3000,/home/rosmontis/Projects/dualsys/Xiaomi-Robotics-0/xr0/outputs/orchard_v1_2650/project_orchardbench/orchard_v1_2650_frozen_vlm_seed42/epoch=0-step=3000.ckpt,3010020,False,NO_GRASP,episode_budget,900,30,False,0,0,0,404,0.4488888888888889,755,0.8388888888888889,{},[]
step_3000,/home/rosmontis/Projects/dualsys/Xiaomi-Robotics-0/xr0/outputs/orchard_v1_2650/project_orchardbench/orchard_v1_2650_frozen_vlm_seed42/epoch=0-step=3000.ckpt,3010021,False,NO_GRASP,episode_budget,900,30,False,0,0,0,7,0.0077777777777777776,510,0.5666666666666667,{},[]
step_3000,/home/rosmontis/Projects/dualsys/Xiaomi-Robotics-0/xr0/outputs/orchard_v1_2650/project_orchardbench/orchard_v1_2650_frozen_vlm_seed42/epoch=0-step=3000.ckpt,3010022,False,NO_GRASP,episode_budget,900,30,False,0,0,0,2,0.0022222222222222222,603,0.67,{},[]
step_3000,/home/rosmontis/Projects/dualsys/Xiaomi-Robotics-0/xr0/outputs/orchard_v1_2650/project_orchardbench/orchard_v1_2650_frozen_vlm_seed42/epoch=0-step=3000.ckpt,3010023,False,NO_GRASP,episode_budget,900,30,False,0,0,0,200,0.2222222222222222,610,0.6777777777777778,{},[]
step_3000,/home/rosmontis/Projects/dualsys/Xiaomi-Robotics-0/xr0/outputs/orchard_v1_2650/project_orchardbench/orchard_v1_2650_frozen_vlm_seed42/epoch=0-step=3000.ckpt,3010024,False,NO_GRASP,episode_budget,900,30,False,0,0,0,248,0.27555555555555555,644,0.7155555555555555,{},[]
step_3000,/home/rosmontis/Projects/dualsys/Xiaomi-Robotics-0/xr0/outputs/orchard_v1_2650/project_orchardbench/orchard_v1_2650_frozen_vlm_seed42/epoch=0-step=3000.ckpt,3010025,False,NO_GRASP,episode_budget,900,30,False,0,0,0,223,0.2477777777777778,617,0.6855555555555556,{},[]
step_3000,/home/rosmontis/Projects/dualsys/Xiaomi-Robotics-0/xr0/outputs/orchard_v1_2650/project_orchardbench/orchard_v1_2650_frozen_vlm_seed42/epoch=0-step=3000.ckpt,3010026,False,NO_GRASP,episode_budget,900,30,False,0,0,0,36,0.04,612,0.68,{},[]
step_3000,/home/rosmontis/Projects/dualsys/Xiaomi-Robotics-0/xr0/outputs/orchard_v1_2650/project_orchardbench/orchard_v1_2650_frozen_vlm_seed42/epoch=0-step=3000.ckpt,3010027,False,NO_GRASP,episode_budget,900,30,False,0,0,0,75,0.08333333333333333,554,0.6155555555555555,{},[]
step_3000,/home/rosmontis/Projects/dualsys/Xiaomi-Robotics-0/xr0/outputs/orchard_v1_2650/project_orchardbench/orchard_v1_2650_frozen_vlm_seed42/epoch=0-step=3000.ckpt,3010028,False,NO_GRASP,episode_budget,900,30,False,0,0,0,43,0.04777777777777778,594,0.66,{},[]
step_3000,/home/rosmontis/Projects/dualsys/Xiaomi-Robotics-0/xr0/outputs/orchard_v1_2650/project_orchardbench/orchard_v1_2650_frozen_vlm_seed42/epoch=0-step=3000.ckpt,3010029,False,NO_GRASP,episode_budget,900,30,False,0,0,0,35,0.03888888888888889,592,0.6577777777777778,{},[]
step_6000,/home/rosmontis/Projects/dualsys/Xiaomi-Robotics-0/xr0/outputs/orchard_v1_2650/project_orchardbench/orchard_v1_2650_frozen_vlm_seed42/epoch=0-step=6000.ckpt,3010000,False,NO_GRASP,episode_budget,900,30,False,0,0,0,349,0.3877777777777778,474,0.5266666666666666,"{""rgb_static"": ""/home/rosmontis/Projects/dualsys/Xiaomi-Robotics-0/xr0/outputs/orchard_v1_benchmark/step_6000/videos/step_6000_seed_3010000_FAILURE_NO_GRASP_static.mp4"", ""rgb_wrist"": ""/home/rosmontis/Projects/dualsys/Xiaomi-Robotics-0/xr0/outputs/orchard_v1_benchmark/step_6000/videos/step_6000_seed_3010000_FAILURE_NO_GRASP_wrist.mp4""}",[]
step_6000,/home/rosmontis/Projects/dualsys/Xiaomi-Robotics-0/xr0/outputs/orchard_v1_2650/project_orchardbench/orchard_v1_2650_frozen_vlm_seed42/epoch=0-step=6000.ckpt,3010001,False,NO_GRASP,episode_budget,900,30,False,0,0,0,125,0.1388888888888889,194,0.21555555555555556,"{""rgb_static"": ""/home/rosmontis/Projects/dualsys/Xiaomi-Robotics-0/xr0/outputs/orchard_v1_benchmark/step_6000/videos/step_6000_seed_3010001_FAILURE_NO_GRASP_static.mp4"", ""rgb_wrist"": ""/home/rosmontis/Projects/dualsys/Xiaomi-Robotics-0/xr0/outputs/orchard_v1_benchmark/step_6000/videos/step_6000_seed_3010001_FAILURE_NO_GRASP_wrist.mp4""}",[]
step_6000,/home/rosmontis/Projects/dualsys/Xiaomi-Robotics-0/xr0/outputs/orchard_v1_2650/project_orchardbench/orchard_v1_2650_frozen_vlm_seed42/epoch=0-step=6000.ckpt,3010002,False,NO_GRASP,episode_budget,900,30,False,0,0,0,155,0.17222222222222222,719,0.7988888888888889,"{""rgb_static"": ""/home/rosmontis/Projects/dualsys/Xiaomi-Robotics-0/xr0/outputs/orchard_v1_benchmark/step_6000/videos/step_6000_seed_3010002_FAILURE_NO_GRASP_static.mp4"", ""rgb_wrist"": ""/home/rosmontis/Projects/dualsys/Xiaomi-Robotics-0/xr0/outputs/orchard_v1_benchmark/step_6000/videos/step_6000_seed_3010002_FAILURE_NO_GRASP_wrist.mp4""}",[]
step_6000,/home/rosmontis/Projects/dualsys/Xiaomi-Robotics-0/xr0/outputs/orchard_v1_2650/project_orchardbench/orchard_v1_2650_frozen_vlm_seed42/epoch=0-step=6000.ckpt,3010003,False,NO_GRASP,episode_budget,900,30,False,0,0,0,386,0.4288888888888889,697,0.7744444444444445,"{""rgb_static"": ""/home/rosmontis/Projects/dualsys/Xiaomi-Robotics-0/xr0/outputs/orchard_v1_benchmark/step_6000/videos/step_6000_seed_3010003_FAILURE_NO_GRASP_static.mp4"", ""rgb_wrist"": ""/home/rosmontis/Projects/dualsys/Xiaomi-Robotics-0/xr0/outputs/orchard_v1_benchmark/step_6000/videos/step_6000_seed_3010003_FAILURE_NO_GRASP_wrist.mp4""}",[]
step_6000,/home/rosmontis/Projects/dualsys/Xiaomi-Robotics-0/xr0/outputs/orchard_v1_2650/project_orchardbench/orchard_v1_2650_frozen_vlm_seed42/epoch=0-step=6000.ckpt,3010004,False,NO_GRASP,episode_budget,900,30,False,0,0,0,283,0.31444444444444447,428,0.47555555555555556,"{""rgb_static"": ""/home/rosmontis/Projects/dualsys/Xiaomi-Robotics-0/xr0/outputs/orchard_v1_benchmark/step_6000/videos/step_6000_seed_3010004_FAILURE_NO_GRASP_static.mp4"", ""rgb_wrist"": ""/home/rosmontis/Projects/dualsys/Xiaomi-Robotics-0/xr0/outputs/orchard_v1_benchmark/step_6000/videos/step_6000_seed_3010004_FAILURE_NO_GRASP_wrist.mp4""}",[]
step_6000,/home/rosmontis/Projects/dualsys/Xiaomi-Robotics-0/xr0/outputs/orchard_v1_2650/project_orchardbench/orchard_v1_2650_frozen_vlm_seed42/epoch=0-step=6000.ckpt,3010005,False,NO_GRASP,episode_budget,900,30,False,0,0,0,2,0.0022222222222222222,533,0.5922222222222222,{},[]
step_6000,/home/rosmontis/Projects/dualsys/Xiaomi-Robotics-0/xr0/outputs/orchard_v1_2650/project_orchardbench/orchard_v1_2650_frozen_vlm_seed42/epoch=0-step=6000.ckpt,3010006,False,NO_GRASP,episode_budget,900,30,False,0,0,0,186,0.20666666666666667,556,0.6177777777777778,{},[]
step_6000,/home/rosmontis/Projects/dualsys/Xiaomi-Robotics-0/xr0/outputs/orchard_v1_2650/project_orchardbench/orchard_v1_2650_frozen_vlm_seed42/epoch=0-step=6000.ckpt,3010007,False,NO_GRASP,episode_budget,900,30,False,0,0,0,510,0.5666666666666667,646,0.7177777777777777,{},[]
step_6000,/home/rosmontis/Projects/dualsys/Xiaomi-Robotics-0/xr0/outputs/orchard_v1_2650/project_orchardbench/orchard_v1_2650_frozen_vlm_seed42/epoch=0-step=6000.ckpt,3010008,False,NO_GRASP,episode_budget,900,30,False,0,0,0,242,0.2688888888888889,415,0.46111111111111114,{},[]
step_6000,/home/rosmontis/Projects/dualsys/Xiaomi-Robotics-0/xr0/outputs/orchard_v1_2650/project_orchardbench/orchard_v1_2650_frozen_vlm_seed42/epoch=0-step=6000.ckpt,3010009,False,NO_GRASP,episode_budget,900,30,False,0,0,0,119,0.1322222222222222,473,0.5255555555555556,{},[]
step_6000,/home/rosmontis/Projects/dualsys/Xiaomi-Robotics-0/xr0/outputs/orchard_v1_2650/project_orchardbench/orchard_v1_2650_frozen_vlm_seed42/epoch=0-step=6000.ckpt,3010010,False,NO_GRASP,episode_budget,900,30,False,0,0,0,287,0.3188888888888889,399,0.44333333333333336,{},[]
step_6000,/home/rosmontis/Projects/dualsys/Xiaomi-Robotics-0/xr0/outputs/orchard_v1_2650/project_orchardbench/orchard_v1_2650_frozen_vlm_seed42/epoch=0-step=6000.ckpt,3010011,False,NO_GRASP,episode_budget,900,30,False,0,0,0,356,0.39555555555555555,388,0.4311111111111111,{},[]
step_6000,/home/rosmontis/Projects/dualsys/Xiaomi-Robotics-0/xr0/outputs/orchard_v1_2650/project_orchardbench/orchard_v1_2650_frozen_vlm_seed42/epoch=0-step=6000.ckpt,3010012,False,NO_GRASP,episode_budget,900,30,False,0,0,0,53,0.058888888888888886,773,0.8588888888888889,{},[]
step_6000,/home/rosmontis/Projects/dualsys/Xiaomi-Robotics-0/xr0/outputs/orchard_v1_2650/project_orchardbench/orchard_v1_2650_frozen_vlm_seed42/epoch=0-step=6000.ckpt,3010013,False,NO_GRASP,episode_budget,900,30,False,0,0,0,285,0.31666666666666665,483,0.5366666666666666,{},[]
step_6000,/home/rosmontis/Projects/dualsys/Xiaomi-Robotics-0/xr0/outputs/orchard_v1_2650/project_orchardbench/orchard_v1_2650_frozen_vlm_seed42/epoch=0-step=6000.ckpt,3010014,False,NO_GRASP,episode_budget,900,30,False,0,0,0,511,0.5677777777777778,805,0.8944444444444445,{},[]
step_6000,/home/rosmontis/Projects/dualsys/Xiaomi-Robotics-0/xr0/outputs/orchard_v1_2650/project_orchardbench/orchard_v1_2650_frozen_vlm_seed42/epoch=0-step=6000.ckpt,3010015,False,NO_GRASP,episode_budget,900,30,False,0,0,0,546,0.6066666666666667,824,0.9155555555555556,{},[]
step_6000,/home/rosmontis/Projects/dualsys/Xiaomi-Robotics-0/xr0/outputs/orchard_v1_2650/project_orchardbench/orchard_v1_2650_frozen_vlm_seed42/epoch=0-step=6000.ckpt,3010016,False,NO_GRASP,episode_budget,900,30,False,0,0,0,456,0.5066666666666667,706,0.7844444444444445,{},[]
step_6000,/home/rosmontis/Projects/dualsys/Xiaomi-Robotics-0/xr0/outputs/orchard_v1_2650/project_orchardbench/orchard_v1_2650_frozen_vlm_seed42/epoch=0-step=6000.ckpt,3010017,False,NO_GRASP,episode_budget,900,30,False,0,0,0,256,0.28444444444444444,332,0.3688888888888889,{},[]
step_6000,/home/rosmontis/Projects/dualsys/Xiaomi-Robotics-0/xr0/outputs/orchard_v1_2650/project_orchardbench/orchard_v1_2650_frozen_vlm_seed42/epoch=0-step=6000.ckpt,3010018,False,NO_GRASP,episode_budget,900,30,False,0,0,0,278,0.3088888888888889,297,0.33,{},[]
step_6000,/home/rosmontis/Projects/dualsys/Xiaomi-Robotics-0/xr0/outputs/orchard_v1_2650/project_orchardbench/orchard_v1_2650_frozen_vlm_seed42/epoch=0-step=6000.ckpt,3010019,False,NO_GRASP,episode_budget,900,30,False,0,0,0,265,0.29444444444444445,382,0.42444444444444446,{},[]
step_6000,/home/rosmontis/Projects/dualsys/Xiaomi-Robotics-0/xr0/outputs/orchard_v1_2650/project_orchardbench/orchard_v1_2650_frozen_vlm_seed42/epoch=0-step=6000.ckpt,3010020,False,NO_GRASP,episode_budget,900,30,False,0,0,0,461,0.5122222222222222,648,0.72,{},[]
step_6000,/home/rosmontis/Projects/dualsys/Xiaomi-Robotics-0/xr0/outputs/orchard_v1_2650/project_orchardbench/orchard_v1_2650_frozen_vlm_seed42/epoch=0-step=6000.ckpt,3010021,False,NO_GRASP,episode_budget,900,30,False,0,0,0,350,0.3888888888888889,435,0.48333333333333334,{},[]
step_6000,/home/rosmontis/Projects/dualsys/Xiaomi-Robotics-0/xr0/outputs/orchard_v1_2650/project_orchardbench/orchard_v1_2650_frozen_vlm_seed42/epoch=0-step=6000.ckpt,3010022,False,NO_GRASP,episode_budget,900,30,False,0,0,0,184,0.20444444444444446,302,0.33555555555555555,{},[]
step_6000,/home/rosmontis/Projects/dualsys/Xiaomi-Robotics-0/xr0/outputs/orchard_v1_2650/project_orchardbench/orchard_v1_2650_frozen_vlm_seed42/epoch=0-step=6000.ckpt,3010023,False,NO_GRASP,episode_budget,900,30,False,0,0,0,410,0.45555555555555555,704,0.7822222222222223,{},[]
step_6000,/home/rosmontis/Projects/dualsys/Xiaomi-Robotics-0/xr0/outputs/orchard_v1_2650/project_orchardbench/orchard_v1_2650_frozen_vlm_seed42/epoch=0-step=6000.ckpt,3010024,False,NO_GRASP,episode_budget,900,30,False,0,0,0,185,0.20555555555555555,248,0.27555555555555555,{},[]
step_6000,/home/rosmontis/Projects/dualsys/Xiaomi-Robotics-0/xr0/outputs/orchard_v1_2650/project_orchardbench/orchard_v1_2650_frozen_vlm_seed42/epoch=0-step=6000.ckpt,3010025,False,NO_GRASP,episode_budget,900,30,False,0,0,0,223,0.2477777777777778,529,0.5877777777777777,{},[]
step_6000,/home/rosmontis/Projects/dualsys/Xiaomi-Robotics-0/xr0/outputs/orchard_v1_2650/project_orchardbench/orchard_v1_2650_frozen_vlm_seed42/epoch=0-step=6000.ckpt,3010026,False,NO_GRASP,episode_budget,900,30,False,0,0,0,160,0.17777777777777778,612,0.68,{},[]
step_6000,/home/rosmontis/Projects/dualsys/Xiaomi-Robotics-0/xr0/outputs/orchard_v1_2650/project_orchardbench/orchard_v1_2650_frozen_vlm_seed42/epoch=0-step=6000.ckpt,3010027,False,NO_GRASP,episode_budget,900,30,False,0,0,0,106,0.11777777777777777,380,0.4222222222222222,{},[]
step_6000,/home/rosmontis/Projects/dualsys/Xiaomi-Robotics-0/xr0/outputs/orchard_v1_2650/project_orchardbench/orchard_v1_2650_frozen_vlm_seed42/epoch=0-step=6000.ckpt,3010028,False,NO_GRASP,episode_budget,900,30,False,0,0,0,268,0.29777777777777775,408,0.4533333333333333,{},[]
step_6000,/home/rosmontis/Projects/dualsys/Xiaomi-Robotics-0/xr0/outputs/orchard_v1_2650/project_orchardbench/orchard_v1_2650_frozen_vlm_seed42/epoch=0-step=6000.ckpt,3010029,False,NO_GRASP,episode_budget,900,30,False,0,0,0,305,0.3388888888888889,429,0.4766666666666667,{},[]
step_10000,/home/rosmontis/Projects/dualsys/Xiaomi-Robotics-0/xr0/outputs/orchard_v1_2650/project_orchardbench/orchard_v1_2650_frozen_vlm_seed42/epoch=0-step=10000.ckpt,3010000,False,NO_GRASP,episode_budget,900,30,False,0,0,0,146,0.1622222222222222,698,0.7755555555555556,"{""rgb_static"": ""/home/rosmontis/Projects/dualsys/Xiaomi-Robotics-0/xr0/outputs/orchard_v1_benchmark/step_10000/videos/step_10000_seed_3010000_FAILURE_NO_GRASP_static.mp4"", ""rgb_wrist"": ""/home/rosmontis/Projects/dualsys/Xiaomi-Robotics-0/xr0/outputs/orchard_v1_benchmark/step_10000/videos/step_10000_seed_3010000_FAILURE_NO_GRASP_wrist.mp4""}",[]
step_10000,/home/rosmontis/Projects/dualsys/Xiaomi-Robotics-0/xr0/outputs/orchard_v1_2650/project_orchardbench/orchard_v1_2650_frozen_vlm_seed42/epoch=0-step=10000.ckpt,3010001,False,NO_GRASP,episode_budget,900,30,False,0,0,0,36,0.04,638,0.7088888888888889,"{""rgb_static"": ""/home/rosmontis/Projects/dualsys/Xiaomi-Robotics-0/xr0/outputs/orchard_v1_benchmark/step_10000/videos/step_10000_seed_3010001_FAILURE_NO_GRASP_static.mp4"", ""rgb_wrist"": ""/home/rosmontis/Projects/dualsys/Xiaomi-Robotics-0/xr0/outputs/orchard_v1_benchmark/step_10000/videos/step_10000_seed_3010001_FAILURE_NO_GRASP_wrist.mp4""}",[]
step_10000,/home/rosmontis/Projects/dualsys/Xiaomi-Robotics-0/xr0/outputs/orchard_v1_2650/project_orchardbench/orchard_v1_2650_frozen_vlm_seed42/epoch=0-step=10000.ckpt,3010002,False,NO_GRASP,episode_budget,900,30,False,0,0,0,70,0.07777777777777778,831,0.9233333333333333,"{""rgb_static"": ""/home/rosmontis/Projects/dualsys/Xiaomi-Robotics-0/xr0/outputs/orchard_v1_benchmark/step_10000/videos/step_10000_seed_3010002_FAILURE_NO_GRASP_static.mp4"", ""rgb_wrist"": ""/home/rosmontis/Projects/dualsys/Xiaomi-Robotics-0/xr0/outputs/orchard_v1_benchmark/step_10000/videos/step_10000_seed_3010002_FAILURE_NO_GRASP_wrist.mp4""}",[]
step_10000,/home/rosmontis/Projects/dualsys/Xiaomi-Robotics-0/xr0/outputs/orchard_v1_2650/project_orchardbench/orchard_v1_2650_frozen_vlm_seed42/epoch=0-step=10000.ckpt,3010003,False,NO_GRASP,episode_budget,900,30,False,0,0,0,478,0.5311111111111111,716,0.7955555555555556,"{""rgb_static"": ""/home/rosmontis/Projects/dualsys/Xiaomi-Robotics-0/xr0/outputs/orchard_v1_benchmark/step_10000/videos/step_10000_seed_3010003_FAILURE_NO_GRASP_static.mp4"", ""rgb_wrist"": ""/home/rosmontis/Projects/dualsys/Xiaomi-Robotics-0/xr0/outputs/orchard_v1_benchmark/step_10000/videos/step_10000_seed_3010003_FAILURE_NO_GRASP_wrist.mp4""}",[]
step_10000,/home/rosmontis/Projects/dualsys/Xiaomi-Robotics-0/xr0/outputs/orchard_v1_2650/project_orchardbench/orchard_v1_2650_frozen_vlm_seed42/epoch=0-step=10000.ckpt,3010004,False,NO_GRASP,episode_budget,900,30,False,0,0,0,2,0.0022222222222222222,598,0.6644444444444444,"{""rgb_static"": ""/home/rosmontis/Projects/dualsys/Xiaomi-Robotics-0/xr0/outputs/orchard_v1_benchmark/step_10000/videos/step_10000_seed_3010004_FAILURE_NO_GRASP_static.mp4"", ""rgb_wrist"": ""/home/rosmontis/Projects/dualsys/Xiaomi-Robotics-0/xr0/outputs/orchard_v1_benchmark/step_10000/videos/step_10000_seed_3010004_FAILURE_NO_GRASP_wrist.mp4""}",[]
step_10000,/home/rosmontis/Projects/dualsys/Xiaomi-Robotics-0/xr0/outputs/orchard_v1_2650/project_orchardbench/orchard_v1_2650_frozen_vlm_seed42/epoch=0-step=10000.ckpt,3010005,False,NO_GRASP,episode_budget,900,30,False,0,0,0,137,0.15222222222222223,829,0.9211111111111111,{},[]
step_10000,/home/rosmontis/Projects/dualsys/Xiaomi-Robotics-0/xr0/outputs/orchard_v1_2650/project_orchardbench/orchard_v1_2650_frozen_vlm_seed42/epoch=0-step=10000.ckpt,3010006,False,NO_GRASP,episode_budget,900,30,False,0,0,0,0,0.0,699,0.7766666666666666,{},[]
step_10000,/home/rosmontis/Projects/dualsys/Xiaomi-Robotics-0/xr0/outputs/orchard_v1_2650/project_orchardbench/orchard_v1_2650_frozen_vlm_seed42/epoch=0-step=10000.ckpt,3010007,False,NO_GRASP,episode_budget,900,30,False,0,0,0,266,0.29555555555555557,679,0.7544444444444445,{},[]
step_10000,/home/rosmontis/Projects/dualsys/Xiaomi-Robotics-0/xr0/outputs/orchard_v1_2650/project_orchardbench/orchard_v1_2650_frozen_vlm_seed42/epoch=0-step=10000.ckpt,3010008,False,NO_GRASP,episode_budget,900,30,False,0,0,0,20,0.022222222222222223,522,0.58,{},[]
step_10000,/home/rosmontis/Projects/dualsys/Xiaomi-Robotics-0/xr0/outputs/orchard_v1_2650/project_orchardbench/orchard_v1_2650_frozen_vlm_seed42/epoch=0-step=10000.ckpt,3010009,False,NO_GRASP,episode_budget,900,30,False,0,0,0,41,0.04555555555555556,815,0.9055555555555556,{},[]
step_10000,/home/rosmontis/Projects/dualsys/Xiaomi-Robotics-0/xr0/outputs/orchard_v1_2650/project_orchardbench/orchard_v1_2650_frozen_vlm_seed42/epoch=0-step=10000.ckpt,3010010,False,NO_GRASP,episode_budget,900,30,False,0,0,0,71,0.07888888888888888,545,0.6055555555555555,{},[]
step_10000,/home/rosmontis/Projects/dualsys/Xiaomi-Robotics-0/xr0/outputs/orchard_v1_2650/project_orchardbench/orchard_v1_2650_frozen_vlm_seed42/epoch=0-step=10000.ckpt,3010011,False,NO_GRASP,episode_budget,900,30,False,0,0,0,0,0.0,390,0.43333333333333335,{},[]
step_10000,/home/rosmontis/Projects/dualsys/Xiaomi-Robotics-0/xr0/outputs/orchard_v1_2650/project_orchardbench/orchard_v1_2650_frozen_vlm_seed42/epoch=0-step=10000.ckpt,3010012,False,NO_GRASP,episode_budget,900,30,False,0,0,0,0,0.0,705,0.7833333333333333,{},[]
step_10000,/home/rosmontis/Projects/dualsys/Xiaomi-Robotics-0/xr0/outputs/orchard_v1_2650/project_orchardbench/orchard_v1_2650_frozen_vlm_seed42/epoch=0-step=10000.ckpt,3010013,False,NO_GRASP,episode_budget,900,30,False,0,0,0,314,0.3488888888888889,747,0.83,{},[]
step_10000,/home/rosmontis/Projects/dualsys/Xiaomi-Robotics-0/xr0/outputs/orchard_v1_2650/project_orchardbench/orchard_v1_2650_frozen_vlm_seed42/epoch=0-step=10000.ckpt,3010014,False,NO_GRASP,episode_budget,900,30,False,0,0,0,311,0.34555555555555556,755,0.8388888888888889,{},[]
step_10000,/home/rosmontis/Projects/dualsys/Xiaomi-Robotics-0/xr0/outputs/orchard_v1_2650/project_orchardbench/orchard_v1_2650_frozen_vlm_seed42/epoch=0-step=10000.ckpt,3010015,False,NO_GRASP,episode_budget,900,30,False,0,0,0,47,0.052222222222222225,665,0.7388888888888889,{},[]
step_10000,/home/rosmontis/Projects/dualsys/Xiaomi-Robotics-0/xr0/outputs/orchard_v1_2650/project_orchardbench/orchard_v1_2650_frozen_vlm_seed42/epoch=0-step=10000.ckpt,3010016,False,NO_GRASP,episode_budget,900,30,False,0,0,0,193,0.21444444444444444,528,0.5866666666666667,{},[]
step_10000,/home/rosmontis/Projects/dualsys/Xiaomi-Robotics-0/xr0/outputs/orchard_v1_2650/project_orchardbench/orchard_v1_2650_frozen_vlm_seed42/epoch=0-step=10000.ckpt,3010017,False,NO_GRASP,episode_budget,900,30,False,0,0,0,91,0.10111111111111111,430,0.4777777777777778,{},[]
step_10000,/home/rosmontis/Projects/dualsys/Xiaomi-Robotics-0/xr0/outputs/orchard_v1_2650/project_orchardbench/orchard_v1_2650_frozen_vlm_seed42/epoch=0-step=10000.ckpt,3010018,False,NO_GRASP,episode_budget,900,30,False,0,0,0,0,0.0,356,0.39555555555555555,{},[]
step_10000,/home/rosmontis/Projects/dualsys/Xiaomi-Robotics-0/xr0/outputs/orchard_v1_2650/project_orchardbench/orchard_v1_2650_frozen_vlm_seed42/epoch=0-step=10000.ckpt,3010019,False,NO_GRASP,episode_budget,900,30,False,0,0,0,0,0.0,628,0.6977777777777778,{},[]
step_10000,/home/rosmontis/Projects/dualsys/Xiaomi-Robotics-0/xr0/outputs/orchard_v1_2650/project_orchardbench/orchard_v1_2650_frozen_vlm_seed42/epoch=0-step=10000.ckpt,3010020,False,NO_GRASP,episode_budget,900,30,False,0,0,0,25,0.027777777777777776,794,0.8822222222222222,{},[]
step_10000,/home/rosmontis/Projects/dualsys/Xiaomi-Robotics-0/xr0/outputs/orchard_v1_2650/project_orchardbench/orchard_v1_2650_frozen_vlm_seed42/epoch=0-step=10000.ckpt,3010021,False,NO_GRASP,episode_budget,900,30,False,0,0,0,293,0.32555555555555554,698,0.7755555555555556,{},[]
step_10000,/home/rosmontis/Projects/dualsys/Xiaomi-Robotics-0/xr0/outputs/orchard_v1_2650/project_orchardbench/orchard_v1_2650_frozen_vlm_seed42/epoch=0-step=10000.ckpt,3010022,False,NO_GRASP,episode_budget,900,30,False,0,0,0,209,0.23222222222222222,611,0.6788888888888889,{},[]
step_10000,/home/rosmontis/Projects/dualsys/Xiaomi-Robotics-0/xr0/outputs/orchard_v1_2650/project_orchardbench/orchard_v1_2650_frozen_vlm_seed42/epoch=0-step=10000.ckpt,3010023,False,NO_GRASP,episode_budget,900,30,False,0,0,0,191,0.21222222222222223,597,0.6633333333333333,{},[]
step_10000,/home/rosmontis/Projects/dualsys/Xiaomi-Robotics-0/xr0/outputs/orchard_v1_2650/project_orchardbench/orchard_v1_2650_frozen_vlm_seed42/epoch=0-step=10000.ckpt,3010024,False,NO_GRASP,episode_budget,900,30,False,0,0,0,76,0.08444444444444445,672,0.7466666666666667,{},[]
step_10000,/home/rosmontis/Projects/dualsys/Xiaomi-Robotics-0/xr0/outputs/orchard_v1_2650/project_orchardbench/orchard_v1_2650_frozen_vlm_seed42/epoch=0-step=10000.ckpt,3010025,False,NO_GRASP,episode_budget,900,30,False,0,0,0,406,0.45111111111111113,760,0.8444444444444444,{},[]
step_10000,/home/rosmontis/Projects/dualsys/Xiaomi-Robotics-0/xr0/outputs/orchard_v1_2650/project_orchardbench/orchard_v1_2650_frozen_vlm_seed42/epoch=0-step=10000.ckpt,3010026,False,NO_GRASP,episode_budget,900,30,False,0,0,0,194,0.21555555555555556,596,0.6622222222222223,{},[]
step_10000,/home/rosmontis/Projects/dualsys/Xiaomi-Robotics-0/xr0/outputs/orchard_v1_2650/project_orchardbench/orchard_v1_2650_frozen_vlm_seed42/epoch=0-step=10000.ckpt,3010027,False,NO_GRASP,episode_budget,900,30,False,0,0,0,415,0.46111111111111114,725,0.8055555555555556,{},[]
step_10000,/home/rosmontis/Projects/dualsys/Xiaomi-Robotics-0/xr0/outputs/orchard_v1_2650/project_orchardbench/orchard_v1_2650_frozen_vlm_seed42/epoch=0-step=10000.ckpt,3010028,False,NO_GRASP,episode_budget,900,30,False,0,0,0,0,0.0,436,0.48444444444444446,{},[]
step_10000,/home/rosmontis/Projects/dualsys/Xiaomi-Robotics-0/xr0/outputs/orchard_v1_2650/project_orchardbench/orchard_v1_2650_frozen_vlm_seed42/epoch=0-step=10000.ckpt,3010029,False,NO_GRASP,episode_budget,900,30,False,0,0,0,21,0.023333333333333334,648,0.72,{},[]
