provider,mode,seed,termination,valid_for_outcome,success,ever_grasped,control_steps,replans,chunks_loaded,ik_failed_rate,reached_advances,dwell_timeouts,clipped_rate,position_error_p50_m,position_error_p95_m,rotation_error_p50_rad,rotation_error_p95_rad,chunk_steps_p50,chunk_steps_max,first_close_after_step,first_grasp_step,min_tcp_distance_after_m,min_tcp_apple_id,min_palm_distance_after_m,min_palm_apple_id,nearest_apple_id_changes_after,both_fingers_boundary_samples,geometry_nonclosing_boundary_samples,no_grasp_intent_only_snapshot_block_evidence,observer_mismatch_fields,summary_mismatch_count,clip_translation_rate,clip_rotation_rate,clip_discrete_gripper_rate,clip_width_rate,clip_workspace_rate,intent_negative_after_rate,intent_positive_after_rate,intent_zero_after_rate
gt,reach-conditioned,2010027,success,True,True,True,489,0,7,0.0,198,0,0.30265848670756645,0.010821104537106852,0.02306971818233891,0.02983389841342012,0.06424713172199821,74.0,99.0,75,76,0.0009212420513565018,31,0.0036736698279048767,31,1,949,6,False,0,0,0.14314928425357873,0.2085889570552147,0.0,0.0,0.0,0.8323108384458078,0.12474437627811862,0.04294478527607362
gt,reach-conditioned,2010042,success,True,True,True,516,0,7,0.0,203,0,0.27906976744186046,0.011023254237022728,0.023717324460268432,0.02872598146448583,0.057347467688626266,81.0,105.0,77,79,0.001299407028021406,38,0.004222101374273518,38,1,987,6,False,0,0,0.12790697674418605,0.17829457364341086,0.0,0.0,0.0,0.8372093023255814,0.12209302325581395,0.040697674418604654
gt,reach-conditioned,2010067,success,True,True,True,572,0,6,0.0,177,0,0.5384615384615384,0.012291493813201704,0.04669992657483072,0.031124995197722327,0.09413557770870247,84.0,185.0,183,183,0.0016222868676203648,26,0.00038556295479047844,26,1,1047,6,False,0,0,0.2902097902097902,0.3811188811188811,0.0,0.0,0.0,0.6695804195804196,0.2937062937062937,0.03671328671328671
gt,time-indexed,2010027,target_sequence_exhausted,True,False,False,218,0,8,0.43119266055045874,4,0,0.8899082568807339,0.2684281659081126,0.6961935660150264,0.8347078817974332,2.263764216608465,30.0,30.0,15,,0.04213447130571433,31,0.0501652256958694,31,5,407,0,False,0,0,0.8899082568807339,0.8027522935779816,0.0,0.0,0.0,0.8348623853211009,0.12844036697247707,0.03669724770642202
gt,time-indexed,2010042,target_sequence_exhausted,True,False,False,223,0,8,0.3991031390134529,1,0,0.8789237668161435,0.26093738436239916,0.708759736875049,0.7159469299755221,2.1721517411490256,30.0,30.0,15,,0.04293249720087776,38,0.05076847507269063,38,1,140,0,False,0,0,0.8789237668161435,0.7982062780269058,0.0,0.0,0.0,0.8340807174887892,0.13004484304932734,0.03587443946188341
gt,time-indexed,2010067,target_sequence_exhausted,True,False,False,204,0,7,0.49019607843137253,1,0,0.9901960784313726,0.4118972672404844,0.7629579459071062,0.8519772810208217,2.6207831150800307,30.0,30.0,30,,0.13429416621727133,4,0.13984875937946387,4,1,122,0,False,0,0,0.9901960784313726,0.7941176470588235,0.0,0.0,0.0,0.7450980392156863,0.21568627450980393,0.0392156862745098
step_10000,reach-conditioned,2010027,episode_budget,True,False,False,900,6,6,0.3888888888888889,168,11,0.6822222222222222,0.022585845424762857,0.07463407188499421,0.06196538866761696,0.176617354927231,107.0,389.0,5,,0.1528090738380598,28,0.15360504217578536,28,7,532,0,False,0,0,0.5822222222222222,0.5877777777777777,0.0,0.0,0.0,0.9088888888888889,0.08666666666666667,0.0044444444444444444
step_10000,reach-conditioned,2010042,episode_budget,True,False,False,900,9,9,0.14444444444444443,244,4,0.5588888888888889,0.014000537600053414,0.03839272094797147,0.04612441728891836,0.11654438211705255,123.0,142.0,25,,0.1610682147549777,38,0.1691271955528447,38,7,80,0,False,0,0,0.29,0.45555555555555555,0.0,0.044444444444444446,0.0,0.8277777777777777,0.15333333333333332,0.01888888888888889
step_10000,reach-conditioned,2010067,episode_budget,True,False,False,900,9,9,0.25666666666666665,244,7,0.40444444444444444,0.012731675571552619,0.040610468875115116,0.023822009749554604,0.08452313744676701,67.0,237.0,5,,0.1613656289161219,26,0.1653032603003411,26,1,154,0,False,0,0,0.2644444444444444,0.2011111111111111,0.0,0.06,0.0,0.6466666666666666,0.3488888888888889,0.0044444444444444444
